{
  "last": {
    "epoch_f1": 0.8788970641712526,
    "epoch_mAP": 0.9198915996327869,
    "f1": 0.8321693760992851,
    "mAP": 0.8696357505708874,
    "loss": 0.47090808361283226
  }
}