{
  "last": {
    "epoch_f1": 0.8369648718485927,
    "epoch_mAP": 0.890563398893564,
    "f1": 0.8325714107129805,
    "mAP": 0.8941169909204228,
    "loss": 0.7127040349758578
  }
}