{
  "last": {
    "epoch_f1": 0.8285619474341726,
    "epoch_mAP": 0.8867412467733469,
    "f1": 0.8263411557495719,
    "mAP": 0.8923297894185881,
    "loss": 0.7190287795928472
  }
}